[{"fields": {"first_name": "admin", "last_name": "admin", "is_superuser": true, "id_number": "PBX1993", "image": "", "phone": "9997609996", "last_login": "2016-01-21T19:29:44.898", "address": "asda", "is_admin": false, "password": "pbkdf2_sha256$20000$UoACX94sPryR$A/HhsMOsBYAN4Q8qQQ+C5V8aHMHlmFJi4NS2sEjAyzM=", "email": "admin@admin.com"}, "model": "inventory.user", "pk": 3}, {"fields": {"first_name": "main", "last_name": "admin", "is_superuser": false, "id_number": "88880", "image": "media/1453883998580.jpg", "phone": "8888000098", "last_login": "2016-01-25T17:24:32.008", "address": "asd", "is_admin": true, "password": "pbkdf2_sha256$20000$ckej3JSTxHOu$KIovgA2Vb8aW20cVMMsFjaK8Eie43RtnLMiEvgqUQf8=", "email": "main@main.com"}, "model": "inventory.user", "pk": 5}, {"fields": {"first_name": "main", "last_name": "admin", "is_superuser": false, "id_number": "asdasd", "image": "", "phone": "8888000025", "last_login": null, "address": "asd", "is_admin": true, "password": "pbkdf2_sha256$20000$gC9t01lf0lBE$0QAWdOHl86n3ydgBGtkUkAstPIvWeMOGV2ViVMDUbrQ=", "email": "main1@main.com"}, "model": "inventory.user", "pk": 6}, {"fields": {"first_name": "inventory", "last_name": "user", "is_superuser": false, "id_number": "asda", "image": "media/user@user.com/panda.jpg", "phone": "8888000015", "last_login": "2016-01-27T14:50:49.678", "address": "asda", "is_admin": false, "password": "pbkdf2_sha256$20000$uh6qiCyduSbQ$CBCtjEQchELKmsqP+Ar7NjXuYwT2bpz/SpNoCxBK5Zs=", "email": "user@user.com"}, "model": "inventory.user", "pk": 7}, {"fields": {"first_name": "user", "last_name": "user", "is_superuser": false, "id_number": "iioio", "image": "media/user1@user.com/panda.jpg", "phone": "9999888877", "last_login": null, "address": "asda", "is_admin": false, "password": "pbkdf2_sha256$20000$ahHVg4z5u4DB$SJhySQvGR0yMnji9Sd7G9Vlli+yANxB2ym7mcF6e0dk=", "email": "user1@user.com"}, "model": "inventory.user", "pk": 8}, {"fields": {"first_name": "vikram", "last_name": "singh", "is_superuser": false, "id_number": "pppp", "image": "", "phone": "8527344390", "last_login": "2016-01-18T18:13:30.922", "address": "sector 22a", "is_admin": true, "password": "pbkdf2_sha256$20000$4yOkfAZUpOvp$ODUMU7KjKa4WSf19F1R/il3+VGGrHikYS1qtohfNCGg=", "email": "vikram.rathore@joshtechnologygroup.com"}, "model": "inventory.user", "pk": 9}, {"fields": {"first_name": "vikram", "last_name": "singh", "is_superuser": false, "id_number": "paoa", "image": "", "phone": "8527344390", "last_login": "2016-01-18T19:33:42.204", "address": "sector22a", "is_admin": false, "password": "pbkdf2_sha256$20000$HmYSg1W7OFyJ$WkCV1s7iaM1ja0b2Wh3WML5R5/LuFsaDdi8g3XvUDpI=", "email": "rathore.vikram624@gmail.com"}, "model": "inventory.user", "pk": 10}, {"fields": {"first_name": "Vikram", "last_name": "Singh", "is_superuser": false, "id_number": "TT5X45", "image": "media/vikram@gmail.com/panda_QM7kFG9.jpg", "phone": "8527344390", "last_login": "2016-01-21T16:17:40.233", "address": "abasbab", "is_admin": false, "password": "pbkdf2_sha256$20000$3hcTvbJitOk8$pUU+mvmC94DQC6cTrr6cxsrpxj7jPaXuTvPfJwYioPo=", "email": "vikram@gmail.com"}, "model": "inventory.user", "pk": 15}, {"fields": {"quantity": 21, "returnable": true, "name": "Dell XPS laptop", "description": "asda"}, "model": "inventory.item", "pk": 1}, {"fields": {"quantity": 10, "returnable": true, "name": "LG nexus 5", "description": "lorem ipsum dolor sit amet consectecur lorem ipsum dolor sit amet consectecur lorem ipsum dolor sit amet consectecur lorem ipsum dolor sit amet consectecur lorem ipsum dolor sit amet consectecur lorem ipsum dolor sit amet consectecur lorem ipsum dolor sit amet consectecur lorem ipsum dolor sit amet consectecur "}, "model": "inventory.item", "pk": 2}, {"fields": {"quantity": 15, "returnable": false, "name": "Lenovo K3 Note", "description": "Lorem ipsum dolor sit amet Lorem ipsum dolor sit amet Lorem ipsum dolor sit amet Lorem ipsum dolor sit amet Lorem ipsum dolor sit amet Lorem ipsum dolor sit amet Lorem ipsum dolor sit amet Lorem ipsum dolor sit amet "}, "model": "inventory.item", "pk": 3}, {"fields": {"quantity": 11, "returnable": true, "name": "Dell Inspiron 15 Laptop", "description": "Lorem ipsum dolor sit amet Lorem ipsum dolor sit amet Lorem ipsum dolor sit amet Lorem ipsum dolor sit amet Lorem ipsum dolor sit amet Lorem ipsum dolor sit amet Lorem ipsum dolor sit amet Lorem ipsum dolor sit amet Lorem ipsum dolor sit amet Lorem ipsum dolor sit amet Lorem ipsum dolor sit amet Lorem ipsum dolor sit amet Lorem ipsum dolor sit amet "}, "model": "inventory.item", "pk": 4}, {"fields": {"quantity": 17, "returnable": false, "name": "Huawei Honor X", "description": "Lorem ipsum dolor sit amet Lorem ipsum dolor sit amet Lorem ipsum dolor sit amet Lorem ipsum dolor sit amet Lorem ipsum dolor sit amet Lorem ipsum dolor sit amet Lorem ipsum dolor sit amet Lorem ipsum dolor sit amet Lorem ipsum dolor sit amet "}, "model": "inventory.item", "pk": 5}, {"fields": {"quantity": 33, "returnable": false, "name": "Logitech MX512 Mouse", "description": "Hello"}, "model": "inventory.item", "pk": 6}, {"fields": {"quantity": 1, "returnable": true, "name": "Corsair keyboard", "description": "lorem ipsum\r\n"}, "model": "inventory.item", "pk": 7}, {"fields": {"quantity": 24, "returnable": true, "name": "Razer Tron keyboard", "description": "lorem ipsum dolor"}, "model": "inventory.item", "pk": 8}, {"fields": {"quantity": 17, "returnable": true, "name": "Lenovo ThinkPad", "description": "lenova thinkpad"}, "model": "inventory.item", "pk": 9}, {"fields": {"quantity": 6, "returnable": true, "name": "Dell Alienware 14", "description": "Alienware 14 laptop"}, "model": "inventory.item", "pk": 10}, {"fields": {"quantity": 10, "returnable": true, "name": "dell xps 14", "description": ""}, "model": "inventory.item", "pk": 11}, {"fields": {"quantity": 20, "returnable": true, "name": "Razer DeathAdder Mouse", "description": "Gaming mouse"}, "model": "inventory.item", "pk": 12}, {"fields": {"quantity": 100, "returnable": true, "name": "abc", "description": "abcdef"}, "model": "inventory.item", "pk": 13}, {"fields": {"quantity": 1, "returnable": true, "name": "qwedfsasd", "description": "we"}, "model": "inventory.item", "pk": 14}, {"fields": {"quantity": 12, "returnable": true, "name": "abcaaa", "description": ""}, "model": "inventory.item", "pk": 15}, {"fields": {"quantity": 1, "returnable": true, "name": "newitem", "description": "asd"}, "model": "inventory.item", "pk": 16}, {"fields": {"quantity": 1, "returnable": false, "name": "sdasdasdasdhg", "description": "asdasda"}, "model": "inventory.item", "pk": 17}, {"fields": {"returned": true, "approved_on": "2016-01-18T06:02:09.776", "timestamp": "2016-01-18T06:02:16.624", "return_by": "2016-01-25T06:02:09.776", "returned_on": "2016-01-18T06:02:16.624", "item": 1, "user": 7, "approved": true, "quantity": 1}, "model": "inventory.provision", "pk": 1}, {"fields": {"returned": true, "approved_on": "2016-01-18T06:08:32.010", "timestamp": "2016-01-18T12:29:24.982", "return_by": "2016-01-25T06:08:32.010", "returned_on": "2016-01-18T12:29:24.982", "item": 1, "user": 7, "approved": true, "quantity": 1}, "model": "inventory.provision", "pk": 2}, {"fields": {"returned": true, "approved_on": "2016-01-18T06:08:50.657", "timestamp": "2016-01-18T18:56:30.974", "return_by": "2016-01-25T06:08:50.657", "returned_on": "2016-01-18T18:56:30.974", "item": 1, "user": 7, "approved": true, "quantity": 1}, "model": "inventory.provision", "pk": 3}, {"fields": {"returned": true, "approved_on": "2016-01-18T06:24:24.685", "timestamp": "2016-01-18T14:08:33.882", "return_by": "2016-01-25T06:24:24.685", "returned_on": "2016-01-18T14:08:33.882", "item": 1, "user": 7, "approved": true, "quantity": 1}, "model": "inventory.provision", "pk": 4}, {"fields": {"returned": true, "approved_on": "2016-01-18T12:24:18.512", "timestamp": "2016-01-18T19:48:17.910", "return_by": "2016-01-25T12:24:18.512", "returned_on": "2016-01-18T19:48:17.910", "item": 1, "user": 7, "approved": true, "quantity": 1}, "model": "inventory.provision", "pk": 5}, {"fields": {"returned": true, "approved_on": "2016-01-18T12:24:50.433", "timestamp": "2016-01-18T14:10:06.026", "return_by": "2016-01-25T12:24:50.433", "returned_on": "2016-01-18T14:10:06.026", "item": 1, "user": 7, "approved": true, "quantity": 1}, "model": "inventory.provision", "pk": 6}, {"fields": {"returned": true, "approved_on": "2016-01-18T12:25:35.778", "timestamp": "2016-01-20T15:51:53.223", "return_by": "2016-01-25T12:25:35.778", "returned_on": "2016-01-20T15:51:53.223", "item": 1, "user": 7, "approved": true, "quantity": 1}, "model": "inventory.provision", "pk": 7}, {"fields": {"returned": true, "approved_on": "2016-01-18T12:26:28.880", "timestamp": "2016-01-18T14:09:49.219", "return_by": "2016-01-25T12:26:28.880", "returned_on": "2016-01-18T14:09:49.219", "item": 1, "user": 7, "approved": true, "quantity": 1}, "model": "inventory.provision", "pk": 8}, {"fields": {"returned": true, "approved_on": "2016-01-18T12:27:28.810", "timestamp": "2016-01-18T14:19:21.146", "return_by": "2016-01-25T12:27:28.810", "returned_on": "2016-01-18T14:19:21.146", "item": 1, "user": 7, "approved": true, "quantity": 1}, "model": "inventory.provision", "pk": 9}, {"fields": {"returned": true, "approved_on": "2016-01-18T12:29:14.751", "timestamp": "2016-01-18T14:07:40.497", "return_by": "2016-01-25T12:29:14.751", "returned_on": "2016-01-18T14:07:40.496", "item": 1, "user": 7, "approved": true, "quantity": 1}, "model": "inventory.provision", "pk": 10}, {"fields": {"returned": true, "approved_on": "2016-01-18T14:19:03.735", "timestamp": "2016-01-25T19:32:54.265", "return_by": "2016-01-25T14:19:03.735", "returned_on": "2016-01-25T19:32:54.265", "item": 1, "user": 7, "approved": true, "quantity": 1}, "model": "inventory.provision", "pk": 11}, {"fields": {"returned": true, "approved_on": "2016-01-18T14:03:42.907", "timestamp": "2016-01-18T16:40:57.762", "return_by": "2016-01-25T14:03:42.907", "returned_on": "2016-01-18T16:40:57.762", "item": 8, "user": 7, "approved": true, "quantity": 1}, "model": "inventory.provision", "pk": 12}, {"fields": {"returned": true, "approved_on": "2016-01-25T20:04:03.583", "timestamp": "2016-01-25T20:04:03.583", "return_by": "2016-02-01T20:04:03.583", "returned_on": "2016-01-25T20:03:31.091", "item": 3, "user": 8, "approved": true, "quantity": 1}, "model": "inventory.provision", "pk": 13}, {"fields": {"returned": false, "approved_on": "2016-01-18T16:35:28.172", "timestamp": "2016-01-18T16:35:28.172", "return_by": "2016-01-25T16:35:28.172", "returned_on": null, "item": 3, "user": 7, "approved": true, "quantity": 1}, "model": "inventory.provision", "pk": 14}, {"fields": {"returned": true, "approved_on": "2016-01-18T19:00:16.029", "timestamp": "2016-01-21T16:27:08.746", "return_by": "2016-01-25T19:00:16.029", "returned_on": "2016-01-21T16:27:08.746", "item": 5, "user": 7, "approved": true, "quantity": 1}, "model": "inventory.provision", "pk": 15}, {"fields": {"returned": false, "approved_on": "2016-01-18T16:34:43.998", "timestamp": "2016-01-18T16:34:43.998", "return_by": "2016-01-25T16:34:43.998", "returned_on": null, "item": 6, "user": 7, "approved": true, "quantity": 1}, "model": "inventory.provision", "pk": 16}, {"fields": {"returned": true, "approved_on": "2016-01-18T19:00:54.121", "timestamp": "2016-01-25T19:43:54.228", "return_by": "2016-01-25T19:00:54.121", "returned_on": "2016-01-25T19:43:54.228", "item": 4, "user": 10, "approved": true, "quantity": 1}, "model": "inventory.provision", "pk": 17}, {"fields": {"returned": true, "approved_on": "2016-01-20T13:55:14.055", "timestamp": "2016-01-20T19:36:05.040", "return_by": "2016-01-27T13:55:14.055", "returned_on": "2016-01-20T19:36:05.039", "item": 2, "user": 10, "approved": true, "quantity": 1}, "model": "inventory.provision", "pk": 18}, {"fields": {"returned": false, "approved_on": null, "timestamp": "2016-01-19T17:04:28.700", "return_by": null, "returned_on": null, "item": 6, "user": 7, "approved": false, "quantity": null}, "model": "inventory.provision", "pk": 19}, {"fields": {"returned": true, "approved_on": "2016-01-21T18:35:04.963", "timestamp": "2016-01-22T18:32:40.994", "return_by": "2016-01-28T18:35:04.963", "returned_on": "2016-01-22T18:32:40.994", "item": 8, "user": 7, "approved": true, "quantity": 1}, "model": "inventory.provision", "pk": 20}, {"fields": {"returned": false, "approved_on": "2016-01-19T17:05:08.513", "timestamp": "2016-01-19T17:05:08.514", "return_by": "2016-01-26T17:05:08.513", "returned_on": null, "item": 5, "user": 7, "approved": true, "quantity": 1}, "model": "inventory.provision", "pk": 21}, {"fields": {"returned": true, "approved_on": "2016-01-20T13:21:01.556", "timestamp": "2016-01-20T13:27:39.978", "return_by": "2016-01-27T13:21:01.556", "returned_on": "2016-01-20T13:27:39.978", "item": 7, "user": 7, "approved": true, "quantity": 1}, "model": "inventory.provision", "pk": 22}, {"fields": {"returned": false, "approved_on": "2016-01-20T13:25:05.188", "timestamp": "2016-01-20T13:25:05.189", "return_by": "2016-01-27T13:25:05.188", "returned_on": null, "item": 3, "user": 7, "approved": true, "quantity": 1}, "model": "inventory.provision", "pk": 23}, {"fields": {"returned": false, "approved_on": null, "timestamp": "2016-01-20T13:34:30.065", "return_by": null, "returned_on": null, "item": 7, "user": 7, "approved": false, "quantity": null}, "model": "inventory.provision", "pk": 24}, {"fields": {"returned": false, "approved_on": null, "timestamp": "2016-01-20T13:59:17.971", "return_by": null, "returned_on": null, "item": 5, "user": 7, "approved": false, "quantity": null}, "model": "inventory.provision", "pk": 25}, {"fields": {"returned": true, "approved_on": "2016-01-21T16:22:54.528", "timestamp": "2016-01-21T16:47:33.705", "return_by": "2016-01-28T16:22:54.528", "returned_on": "2016-01-21T16:47:33.705", "item": 8, "user": 15, "approved": true, "quantity": 1}, "model": "inventory.provision", "pk": 26}, {"fields": {"returned": true, "approved_on": "2016-01-25T19:34:54.312", "timestamp": "2016-01-25T19:34:54.312", "return_by": "2016-02-01T19:34:54.312", "returned_on": "2016-01-25T19:34:35.562", "item": 10, "user": 3, "approved": true, "quantity": 1}, "model": "inventory.provision", "pk": 27}, {"fields": {"returned": false, "approved_on": "2016-01-21T16:36:33.043", "timestamp": "2016-01-21T16:36:33.044", "return_by": "2016-01-28T16:36:33.043", "returned_on": null, "item": 6, "user": 8, "approved": true, "quantity": 1}, "model": "inventory.provision", "pk": 28}, {"fields": {"returned": true, "approved_on": "2016-01-25T19:34:08.365", "timestamp": "2016-01-25T19:34:08.365", "return_by": "2016-02-01T19:34:08.365", "returned_on": "2016-01-25T19:33:36.043", "item": 8, "user": 8, "approved": true, "quantity": 1}, "model": "inventory.provision", "pk": 29}, {"fields": {"returned": false, "approved_on": null, "timestamp": "2016-01-22T18:29:34.539", "return_by": null, "returned_on": null, "item": 3, "user": 7, "approved": false, "quantity": null}, "model": "inventory.provision", "pk": 30}]